Time,X Axis Acceleration,Y Axis Acceleration,Z Axis Acceleration,
0,0.291,0.019,0.925,0.9698798895
20,0.291,0.019,0.926,0.9708336624
50,0.291,0.019,0.926,0.9708336624
80,0.291,0.019,0.926,0.9708336624
100,0.291,0.019,0.926,0.9708336624
130,0.291,0.019,0.926,0.9708336624
150,0.292,0.019,0.926,0.9711338734
180,0.292,0.019,0.925,0.9701803956
210,0.292,0.019,0.925,0.9701803956
230,0.292,0.019,0.925,0.9701803956
260,0.292,0.02,0.924,0.9692471305
290,0.292,0.02,0.924,0.9692471305
310,0.292,0.02,0.924,0.9692471305
340,0.292,0.02,0.924,0.9692471305
360,0.292,0.02,0.924,0.9692471305
390,0.292,0.02,0.924,0.9692471305
420,0.292,0.019,0.924,0.9692270116
440,0.292,0.019,0.924,0.9692270116
470,0.292,0.019,0.924,0.9692270116
500,0.292,0.019,0.924,0.9692270116
520,0.292,0.019,0.924,0.9692270116
550,0.291,0.018,0.924,0.9689071163
570,0.291,0.018,0.923,0.9679535113
600,0.291,0.018,0.923,0.9679535113
630,0.291,0.019,0.923,0.9679726236
660,0.291,0.019,0.923,0.9679726236
680,0.291,0.019,0.923,0.9679726236
710,0.292,0.019,0.923,0.9682737216
730,0.292,0.019,0.923,0.9682737216
760,0.292,0.019,0.922,0.967320526
790,0.292,0.019,0.922,0.967320526
810,0.292,0.019,0.922,0.967320526
840,0.293,0.019,0.922,0.9676228604
860,0.293,0.019,0.922,0.9676228604
890,0.293,0.019,0.922,0.9676228604
920,0.292,0.019,0.922,0.967320526
940,0.292,0.019,0.922,0.967320526
970,0.292,0.02,0.922,0.9673406846
990,0.292,0.02,0.922,0.9673406846
1020,0.292,0.02,0.923,0.9682938604
1050,0.293,0.02,0.923,0.968595891
1070,0.293,0.02,0.923,0.968595891
1100,0.294,0.02,0.923,0.9688988595
1130,0.293,0.021,0.924,0.9695700078
1150,0.293,0.021,0.924,0.9695700078
1180,0.293,0.02,0.924,0.9695488642
1210,0.293,0.02,0.925,0.970501932
1230,0.293,0.02,0.925,0.970501932
1260,0.293,0.019,0.925,0.9704818391
1280,0.293,0.019,0.924,0.9695287515
1310,0.292,0.019,0.924,0.9692270116
1340,0.292,0.019,0.924,0.9692270116
1360,0.292,0.019,0.924,0.9692270116
1390,0.292,0.019,0.924,0.9692270116
1420,0.292,0.02,0.924,0.9692471305
1440,0.292,0.02,0.924,0.9692471305
1470,0.292,0.02,0.924,0.9692471305
1490,0.292,0.02,0.924,0.9692471305
1520,0.292,0.02,0.924,0.9692471305
1550,0.291,0.02,0.924,0.9689463349
1580,0.291,0.02,0.924,0.9689463349
1600,0.291,0.02,0.924,0.9689463349
1630,0.291,0.02,0.923,0.9679927686
1650,0.29,0.019,0.923,0.9676724652
1680,0.29,0.019,0.923,0.9676724652
1710,0.29,0.019,0.923,0.9676724652
1730,0.29,0.018,0.923,0.967653347
1760,0.289,0.018,0.922,0.9664000207
1780,0.29,0.018,0.922,0.9666995397
1810,0.29,0.019,0.922,0.9667186768
1840,0.29,0.019,0.922,0.9667186768
1860,0.29,0.019,0.922,0.9667186768
1890,0.29,0.019,0.922,0.9667186768
1910,0.29,0.019,0.922,0.9667186768
1940,0.29,0.019,0.922,0.9667186768
1970,0.291,0.019,0.922,0.9670191311
1990,0.29,0.019,0.922,0.9667186768
2020,0.29,0.019,0.922,0.9667186768
2050,0.291,0.02,0.921,0.9660859175
2070,0.29,0.02,0.921,0.9657851728
2100,0.29,0.02,0.921,0.9657851728
2120,0.29,0.02,0.921,0.9657851728
2150,0.29,0.02,0.921,0.9657851728
2180,0.291,0.019,0.921,0.9660657328
2200,0.291,0.019,0.921,0.9660657328
2230,0.291,0.019,0.921,0.9660657328
2260,0.291,0.019,0.921,0.9660657328
2280,0.291,0.019,0.921,0.9660657328
2310,0.291,0.019,0.921,0.9660657328
2340,0.291,0.019,0.921,0.9660657328
2360,0.292,0.02,0.921,0.9663876034
2390,0.292,0.02,0.921,0.9663876034
2410,0.292,0.02,0.921,0.9663876034
2440,0.292,0.02,0.922,0.9673406846
2470,0.292,0.02,0.922,0.9673406846
2500,0.292,0.019,0.922,0.967320526
2520,0.292,0.019,0.922,0.967320526
2550,0.292,0.019,0.923,0.9682737216
2570,0.291,0.019,0.923,0.9679726236
2600,0.291,0.019,0.923,0.9679726236
2630,0.291,0.019,0.923,0.9679726236
2650,0.291,0.018,0.923,0.9679535113
2680,0.291,0.018,0.923,0.9679535113
2700,0.291,0.017,0.924,0.9688890545
2730,0.291,0.017,0.924,0.9688890545
2760,0.291,0.017,0.924,0.9688890545
2780,0.292,0.016,0.924,0.9691728432
2810,0.292,0.016,0.924,0.9691728432
2830,0.292,0.016,0.925,0.9701262804
2860,0.293,0.016,0.925,0.9704277407
2890,0.293,0.015,0.924,0.9694586118
2910,0.293,0.015,0.924,0.9694586118
2940,0.293,0.015,0.924,0.9694586118
2970,0.293,0.015,0.924,0.9694586118
2990,0.293,0.015,0.924,0.9694586118
3020,0.293,0.014,0.924,0.9694436549
3040,0.293,0.014,0.923,0.9684905782
3070,0.293,0.013,0.923,0.9684766389
3100,0.293,0.013,0.921,0.9665707424
3120,0.294,0.013,0.92,0.9659218395
3150,0.294,0.013,0.919,0.9649694296
3180,0.294,0.014,0.919,0.9649834195
3200,0.294,0.014,0.918,0.9640311198
3230,0.294,0.014,0.918,0.9640311198
3250,0.294,0.015,0.917,0.9630939726
3280,0.295,0.016,0.917,0.9634157981
3310,0.296,0.017,0.917,0.9637395914
3330,0.297,0.018,0.917,0.9640653505
3360,0.294,0.018,0.918,0.9640975054
3390,0.289,0.017,0.921,0.9654278844
3420,0.287,0.018,0.921,0.964849211
3440,0.285,0.018,0.921,0.96425619
3470,0.284,0.018,0.921,0.9639610988
3490,0.283,0.018,0.92,0.9627112755
3520,0.284,0.018,0.923,0.9658721447
3550,0.285,0.019,0.925,0.9680965861
3570,0.285,0.022,0.927,0.9700711314
3600,0.285,0.024,0.929,0.9720298349
3620,0.285,0.028,0.931,0.9740482534
3650,0.285,0.03,0.933,0.976019467
3680,0.285,0.031,0.934,0.977006653
3700,0.285,0.033,0.936,0.9789841674
3730,0.285,0.032,0.936,0.9789509692
3750,0.285,0.032,0.937,0.9799071385
3780,0.286,0.031,0.936,0.9792103962
3810,0.286,0.03,0.936,0.9791792481
3830,0.287,0.029,0.935,0.9784860755
3860,0.288,0.028,0.935,0.9787507344
3890,0.289,0.027,0.933,0.9771074659
3910,0.29,0.026,0.932,0.9764220399
3940,0.29,0.026,0.932,0.9764220399
3960,0.291,0.026,0.93,0.9748112638
3990,0.293,0.027,0.929,0.974483966
4020,0.293,0.029,0.928,0.9735882086
4040,0.29,0.034,0.928,0.9728514789
4070,0.289,0.034,0.929,0.9735080893
4100,0.289,0.033,0.929,0.9734736771
4120,0.289,0.031,0.928,0.9724535979
4150,0.29,0.029,0.927,0.9717355607
4170,0.29,0.033,0.943,0.9871362621
4200,0.291,0.038,0.953,0.9971629756
4230,0.294,0.044,0.964,1.008795321
4250,0.297,0.05,0.974,1.01950233
4280,0.296,0.051,0.976,1.021172365
4310,0.294,0.053,0.98,1.02452184
4340,0.292,0.055,0.98,1.024055174
4360,0.29,0.058,0.981,1.024609682
4380,0.289,0.06,0.981,1.024442287
4410,0.289,0.063,0.982,1.025579836
4440,0.288,0.066,0.984,1.02740255
4470,0.288,0.068,0.985,1.028490642
4490,0.286,0.072,0.986,1.029162767
4520,0.284,0.075,0.987,1.02978153
4540,0.28,0.077,0.988,1.029792698
4570,0.278,0.078,0.989,1.030285883
4600,0.273,0.08,0.991,1.031023763
4620,0.27,0.083,0.995,1.034318133
4650,0.268,0.086,0.998,1.036930084
4670,0.264,0.089,1.003,1.040973583
4700,0.26,0.091,1.007,1.043997126
4730,0.257,0.091,1.009,1.045184673
4750,0.252,0.09,1.011,1.045813081
4780,0.246,0.088,1.012,1.045181324
4810,0.239,0.084,1.014,1.045166494
4830,0.235,0.081,1.015,1.044993301
4860,0.229,0.076,1.015,1.043284237
4880,0.221,0.073,1.014,1.040368204
4910,0.216,0.071,1.013,1.038203256
4940,0.208,0.068,1.012,1.035389782
4960,0.199,0.066,1.01,1.031531386
4990,0.194,0.066,1.009,1.029598465
5020,0.185,0.066,1.008,1.026959103
5040,0.177,0.067,1.006,1.0236474
5070,0.169,0.068,1.003,1.019408652
5090,0.164,0.071,0.997,1.012889925
5120,0.157,0.074,0.988,1.003129603
5150,0.15,0.08,0.979,0.9936503409
5170,0.145,0.083,0.974,0.9882256827
5200,0.137,0.088,0.967,0.9806130735
5230,0.13,0.092,0.961,0.9741072836
5260,0.125,0.094,0.959,0.971669697
5280,0.118,0.097,0.955,0.96713908
5300,0.11,0.101,0.951,0.9626536241
5330,0.103,0.105,0.948,0.9593424832
5360,0.096,0.108,0.945,0.9559837865
5390,0.088,0.112,0.941,0.9517189711
5410,0.079,0.117,0.938,0.9485641781
5440,0.073,0.12,0.936,0.946480322
5460,0.065,0.121,0.944,0.9539402497
5490,0.057,0.122,0.95,0.959496222
5520,0.051,0.122,0.952,0.961139428
5540,0.042,0.121,0.956,0.9645418602
5570,0.034,0.118,0.958,0.9658384958
5590,0.029,0.116,0.958,0.9654330634
5620,0.02,0.112,0.958,0.9647320872
5650,0.012,0.109,0.959,0.9652491906
5670,0.003,0.105,0.961,0.9667238489
5700,-0.003,0.104,0.963,0.9686041503
5730,-0.011,0.101,0.966,0.971327957
5750,-0.019,0.097,0.97,0.9750230766
5780,-0.024,0.093,0.972,0.976733843
5800,-0.031,0.087,0.974,0.978369051
5830,-0.039,0.08,0.975,0.9790536247
5860,-0.047,0.073,0.974,0.9778619534
5880,-0.052,0.07,0.973,0.9768996878
5910,-0.06,0.063,0.972,0.9758857515
5940,-0.066,0.058,0.971,0.9749671789
5960,-0.071,0.052,0.97,0.9739840861
5990,-0.078,0.044,0.97,0.9741252486
6010,-0.084,0.035,0.969,0.973263582
6040,-0.088,0.029,0.969,0.973419745
6070,-0.093,0.021,0.965,0.9696984067
6090,-0.097,0.015,0.961,0.9659994824
6120,-0.099,0.013,0.955,0.9602057071
6150,-0.101,0.012,0.95,0.9554292229
6180,-0.104,0.01,0.946,0.9517520686
6200,-0.105,0.008,0.944,0.9498552521
6220,-0.105,0.007,0.944,0.9498473562
6250,-0.105,0.004,0.945,0.9508238533
6280,-0.107,-0.001,0.943,0.9490516319
6310,-0.107,-0.004,0.942,0.948065926
6330,-0.107,-0.001,0.943,0.9490516319
6360,-0.108,0.003,0.943,0.9491691103
6380,-0.109,0.01,0.941,0.9473447102
6410,-0.109,0.015,0.94,0.9464174555
6440,-0.109,0.023,0.939,0.9455850041
6460,-0.109,0.032,0.937,0.9438612186
6490,-0.109,0.039,0.936,0.9431320162
6510,-0.109,0.05,0.934,0.9416671386
6540,-0.109,0.062,0.932,0.9403983199
6570,-0.111,0.07,0.93,0.9392129684
6590,-0.114,0.08,0.929,0.9393811793
6620,-0.118,0.089,0.927,0.9387086875
6650,-0.121,0.098,0.926,0.939
6670,-0.123,0.104,0.926,0.9399047824
6700,-0.125,0.11,0.925,0.9398670119
6720,-0.127,0.117,0.924,0.9399968085
6750,-0.129,0.123,0.924,0.9410345371
6780,-0.13,0.132,0.923,0.9414101125
6800,-0.132,0.141,0.922,0.9420132695
6830,-0.133,0.146,0.922,0.9429151606
6860,-0.135,0.153,0.923,0.9452846132
6880,-0.136,0.162,0.921,0.9449767193
6910,-0.138,0.171,0.918,0.9439327307
6930,-0.14,0.177,0.917,0.9443611597
6960,-0.143,0.187,0.916,0.9457663559
6990,-0.147,0.198,0.913,0.9457177169
7010,-0.149,0.206,0.912,0.9467739963
7040,-0.153,0.22,0.911,0.9495946504
7070,-0.157,0.234,0.909,0.9516753648
7100,-0.159,0.244,0.908,0.9535622685
7120,-0.162,0.258,0.906,0.9558472681
7140,-0.165,0.271,0.902,0.9561746702
7170,-0.167,0.285,0.899,0.957765629
7200,-0.167,0.294,0.896,0.9576747882
7230,-0.169,0.308,0.891,0.9577609305
7250,-0.17,0.321,0.886,0.9575682743
7280,-0.171,0.329,0.881,0.955846745
7300,-0.172,0.344,0.873,0.953964884
7330,-0.173,0.359,0.865,0.9523838512
7360,-0.175,0.374,0.856,0.9503878156
7380,-0.177,0.384,0.85,0.9493603109
7410,-0.179,0.4,0.841,0.9483258934
7430,-0.182,0.415,0.831,0.9465252242
7460,-0.185,0.424,0.824,0.9449746028
7490,-0.188,0.438,0.813,0.942420819
7510,-0.19,0.45,0.802,0.9390441949
7540,-0.192,0.459,0.794,0.9370064034
7570,-0.194,0.471,0.783,0.9341124129
7590,-0.198,0.482,0.773,0.9322322672
7620,-0.201,0.494,0.763,0.9309167525
7640,-0.203,0.501,0.756,0.9293793628
7670,-0.206,0.511,0.746,0.9274012077
7700,-0.21,0.521,0.736,0.9258709413
7720,-0.212,0.528,0.729,0.9247534807
7750,-0.216,0.538,0.72,0.9243916919
7780,-0.22,0.548,0.711,0.9242429334
7800,-0.223,0.556,0.705,0.9251432322
7830,-0.227,0.567,0.696,0.9259773215
7850,-0.232,0.58,0.686,0.9278038586
7880,-0.237,0.593,0.676,0.929943009
7910,-0.24,0.601,0.669,0.9307856896
7930,-0.244,0.613,0.659,0.9325159516
7960,-0.247,0.624,0.646,0.9315046967
7990,-0.249,0.631,0.638,0.9312389597
8020,-0.251,0.642,0.624,0.9298069692
8040,-0.254,0.651,0.61,0.9275866536
8070,-0.255,0.658,0.601,0.9269250239
8090,-0.257,0.667,0.588,0.925571175
8120,-0.26,0.677,0.575,0.9255020259
8150,-0.262,0.687,0.563,0.9260572337
8170,-0.264,0.693,0.555,0.9262667003
8200,-0.267,0.703,0.543,0.9275489205
8220,-0.271,0.713,0.531,0.9293928125
8250,-0.273,0.72,0.524,0.9313994846
8280,-0.277,0.731,0.513,0.9350181816
8300,-0.28,0.741,0.502,0.9378086159
8330,-0.282,0.747,0.494,0.9389190593
8350,-0.284,0.756,0.483,0.941
8380,-0.287,0.764,0.472,0.9427878871
8410,-0.289,0.772,0.461,0.9444712807
8430,-0.29,0.777,0.454,0.9454866472
8460,-0.293,0.786,0.443,0.9486274295
8490,-0.296,0.794,0.432,0.9511445737
8510,-0.298,0.8,0.425,0.9536398691
8540,-0.302,0.809,0.415,0.9580761974
8560,-0.305,0.816,0.406,0.9611019717
8590,-0.308,0.823,0.397,0.9642624124
8620,-0.31,0.827,0.39,0.9654682802
8640,-0.312,0.833,0.38,0.9672812414
8670,-0.315,0.839,0.367,0.9684188144
8700,-0.316,0.842,0.359,0.9683496269
8720,-0.319,0.847,0.345,0.9686046665
8750,-0.321,0.852,0.331,0.9687651934
8780,-0.322,0.856,0.322,0.9695896039
8800,-0.323,0.861,0.307,0.9694838833
8830,-0.326,0.867,0.291,0.9708995829
8850,-0.328,0.872,0.276,0.9716707261
8880,-0.329,0.875,0.265,0.9716434531
8910,-0.332,0.879,0.25,0.9722988224
8940,-0.334,0.883,0.237,0.9733519405
8960,-0.335,0.886,0.228,0.9742715227
8990,-0.338,0.89,0.217,0.9764389382
9010,-0.34,0.894,0.204,0.9779836399
9040,-0.341,0.896,0.194,0.9781272923
9070,-0.342,0.899,0.177,0.9780051125
9090,-0.342,0.9,0.159,0.9758304156
9120,-0.342,0.901,0.14,0.973840336
9140,-0.342,0.901,0.127,0.9720565827
9170,-0.341,0.9,0.108,0.9684756063
9200,-0.34,0.9,0.089,0.9661889049
9220,-0.341,0.9,0.076,0.9654309918
9250,-0.342,0.9,0.057,0.9644755051
9270,-0.343,0.899,0.038,0.9629610584
9300,-0.344,0.897,0.02,0.9609084244
9330,-0.345,0.896,0.005,0.9601385317
9350,-0.346,0.893,-0.016,0.9578209645
9380,-0.348,0.889,-0.038,0.9554417826
9410,-0.349,0.886,-0.053,0.9537326669
9430,-0.351,0.882,-0.074,0.9521559746
9460,-0.353,0.878,-0.095,0.9510615122
9480,-0.355,0.875,-0.109,0.9505424767
9510,-0.358,0.87,-0.13,0.9497178528
9540,-0.36,0.866,-0.15,0.949766287
9560,-0.363,0.863,-0.169,0.9513669113
9590,-0.365,0.86,-0.182,0.9518135322
9620,-0.368,0.857,-0.201,0.9540828056
9640,-0.37,0.853,-0.219,0.9552329559
9670,-0.372,0.85,-0.231,0.9561615972
9690,-0.374,0.845,-0.248,0.956767997
9720,-0.376,0.839,-0.264,0.9565526645
9750,-0.378,0.836,-0.275,0.9578126122
9770,-0.38,0.83,-0.291,0.9581132501
9800,-0.383,0.827,-0.307,0.9617000572
9830,-0.386,0.823,-0.321,0.9640363064
9860,-0.388,0.821,-0.33,0.9661702748
9880,-0.39,0.818,-0.343,0.9689545913
9910,-0.392,0.815,-0.355,0.9715523661
9930,-0.393,0.813,-0.363,0.9732353261
9960,-0.395,0.81,-0.376,0.976473758
9990,-0.397,0.806,-0.39,0.9794615868
10010,-0.398,0.803,-0.4,0.9814341547
10040,-0.4,0.798,-0.414,0.9839715443
10060,-0.401,0.792,-0.428,0.9855196599
10090,-0.402,0.785,-0.442,0.9865054485
10120,-0.403,0.78,-0.451,0.9870207698
10140,-0.403,0.773,-0.465,0.9880096153
10170,-0.402,0.766,-0.478,0.9883541875
10190,-0.401,0.761,-0.486,0.987986842
10220,-0.4,0.753,-0.499,0.9879321839
10250,-0.401,0.742,-0.513,0.9871848864
10270,-0.401,0.735,-0.523,0.9871955227
10300,-0.402,0.724,-0.539,0.9880794502
10330,-0.402,0.713,-0.554,0.9883769524
10350,-0.402,0.702,-0.567,0.9878749921
10380,-0.401,0.695,-0.575,0.9871428468
10400,-0.4,0.686,-0.585,0.9863168862
10430,-0.398,0.677,-0.595,0.9852705212
10460,-0.397,0.67,-0.602,0.9843337849
10480,-0.396,0.659,-0.612,0.9826703415
10510,-0.396,0.65,-0.623,0.9835878202
10540,-0.397,0.644,-0.629,0.9838627953
10560,-0.398,0.632,-0.641,0.984230156
10590,-0.399,0.62,-0.653,0.9848908569
10620,-0.401,0.609,-0.664,0.9861936929
10640,-0.402,0.601,-0.671,0.9864309403
10670,-0.403,0.59,-0.682,0.9877413629
10690,-0.405,0.579,-0.692,0.98900455
10720,-0.405,0.573,-0.699,0.990431724
10750,-0.406,0.563,-0.71,0.9929274898
10780,-0.406,0.552,-0.723,0.9961269999
10800,-0.407,0.544,-0.731,0.9979709415
10830,-0.408,0.532,-0.743,1.000768205
10850,-0.408,0.52,-0.754,1.002686392
10880,-0.406,0.506,-0.766,1.003806754
10910,-0.405,0.495,-0.772,1.00251384
10930,-0.402,0.479,-0.782,1.001283676
10960,-0.395,0.459,-0.79,0.9953923849
10980,-0.389,0.446,-0.794,0.9902893517
11010,-0.383,0.428,-0.809,0.9921461586
11040,-0.377,0.417,-0.826,0.9991466359
11060,-0.377,0.406,-0.837,1.003759931
11090,-0.378,0.398,-0.841,1.004275361
11110,-0.382,0.385,-0.839,0.9990345339
11140,-0.386,0.371,-0.832,0.9893740445
11170,-0.388,0.361,-0.833,0.9872963081
11190,-0.391,0.346,-0.835,0.9847954102
11220,-0.394,0.33,-0.829,0.9753855648
11250,-0.396,0.32,-0.825,0.96945397
11270,-0.397,0.307,-0.824,0.9647973881
11300,-0.398,0.295,-0.822,0.9597463206
11320,-0.396,0.284,-0.827,0.9598963486
11350,-0.396,0.276,-0.83,0.9601520713
11380,-0.394,0.266,-0.838,0.9634500506
11400,-0.394,0.256,-0.846,0.9677231009
11430,-0.396,0.25,-0.852,0.972224254
11460,-0.398,0.241,-0.861,0.9786756357
11480,-0.401,0.231,-0.868,0.9836594939
11510,-0.403,0.225,-0.874,0.9883875758
11540,-0.405,0.213,-0.88,0.991863902
11560,-0.406,0.202,-0.885,0.9944169146
11590,-0.407,0.192,-0.889,0.996410558
11610,-0.408,0.185,-0.892,0.9981748344
11640,-0.411,0.174,-0.895,1.000110994
11670,-0.414,0.163,-0.897,1.001286173
11700,-0.416,0.154,-0.897,1.000690262
11720,-0.419,0.142,-0.897,1.000166986
11750,-0.423,0.131,-0.896,0.9994528503
11770,-0.425,0.123,-0.894,0.9974918546
11800,-0.425,0.11,-0.889,0.9914867624
11830,-0.424,0.098,-0.885,0.9862073818
11850,-0.422,0.087,-0.881,0.9807211632
11880,-0.421,0.08,-0.882,0.9805942076
11900,-0.421,0.071,-0.883,0.9808012031
11930,-0.42,0.06,-0.887,0.9832441202
11960,-0.42,0.053,-0.89,0.9855501002
11980,-0.42,0.042,-0.897,0.9913490808
12010,-0.419,0.032,-0.903,0.9959889558
12030,-0.419,0.023,-0.906,0.998461817
12060,-0.418,0.012,-0.911,1.00239164
12090,-0.417,0.002,-0.913,1.003724066
12110,-0.415,-0.008,-0.914,1.003835146
12140,-0.414,-0.014,-0.914,1.003487917
12170,-0.412,-0.024,-0.916,1.004677063
12190,-0.41,-0.035,-0.918,1.006006461
12220,-0.409,-0.042,-0.919,1.006780016
12250,-0.409,-0.053,-0.919,1.007298863
12270,-0.41,-0.064,-0.918,1.00743238
12300,-0.409,-0.072,-0.917,1.006654856
12320,-0.408,-0.082,-0.916,1.006103374
12350,-0.407,-0.094,-0.915,1.005837959
12380,-0.407,-0.101,-0.915,1.006516269
12400,-0.407,-0.114,-0.912,1.005181078
12430,-0.407,-0.126,-0.909,1.003895413
12460,-0.407,-0.139,-0.907,1.003802271
12480,-0.407,-0.147,-0.906,1.004038844
12510,-0.406,-0.161,-0.906,1.005779797
12530,-0.406,-0.175,-0.904,1.006318538
12560,-0.405,-0.184,-0.902,1.005726106
12590,-0.404,-0.198,-0.897,1.003508346
12620,-0.403,-0.209,-0.889,0.998203887
12640,-0.403,-0.222,-0.88,0.9930221548
12670,-0.402,-0.23,-0.874,0.9891309317
12690,-0.401,-0.243,-0.867,0.9856667794
12720,-0.4,-0.257,-0.862,0.984425213
12750,-0.4,-0.267,-0.86,0.9853369982
12770,-0.398,-0.283,-0.857,0.9863782236
12800,-0.398,-0.299,-0.853,0.9876304977
12820,-0.398,-0.308,-0.851,0.9886703192
12850,-0.398,-0.323,-0.848,0.9908768844
12880,-0.397,-0.337,-0.845,0.9925739267
12900,-0.396,-0.351,-0.842,0.9944752385
12930,-0.396,-0.359,-0.839,0.9947954564
12950,-0.395,-0.372,-0.833,0.994131782
12980,-0.395,-0.385,-0.825,0.992408686
13010,-0.394,-0.39,-0.825,0.9939622729
13030,-0.393,-0.398,-0.824,0.9959061201
13060,-0.393,-0.41,-0.821,0.998293544
13090,-0.393,-0.417,-0.819,0.9995493985
13110,-0.393,-0.428,-0.812,0.998487356
13140,-0.394,-0.438,-0.806,0.9983566497
13170,-0.396,-0.447,-0.801,0.9991126063
13190,-0.397,-0.453,-0.797,0.9990130129
13220,-0.4,-0.461,-0.795,1.002270423
13240,-0.402,-0.469,-0.791,1.003616461
13270,-0.403,-0.475,-0.787,1.003694675
13300,-0.404,-0.484,-0.779,1.00215418
13320,-0.404,-0.494,-0.769,0.9993062594
13350,-0.405,-0.499,-0.762,0.9968299755
13380,-0.405,-0.51,-0.75,0.9932899879
13400,-0.405,-0.52,-0.739,0.9902252269
13430,-0.406,-0.531,-0.727,0.9875859456
13450,-0.406,-0.539,-0.718,0.9853329387
13480,-0.406,-0.553,-0.704,0.9829857578
13510,-0.407,-0.565,-0.689,0.9795891996
13540,-0.409,-0.573,-0.679,0.9780853746
13560,-0.41,-0.583,-0.665,0.974789208
13590,-0.41,-0.593,-0.651,0.9713650189
13610,-0.41,-0.599,-0.641,0.9683914498
13640,-0.41,-0.608,-0.626,0.9641784067
13670,-0.409,-0.616,-0.611,0.9591965388
13690,-0.408,-0.623,-0.596,0.953839085
13720,-0.407,-0.63,-0.589,0.9536613655
13740,-0.406,-0.64,-0.578,0.953163155
13770,-0.404,-0.653,-0.567,0.9545229175
13800,-0.403,-0.664,-0.559,0.9569670841
13820,-0.403,-0.676,-0.544,0.9567240982
13850,-0.404,-0.688,-0.526,0.9556338211
13870,-0.404,-0.696,-0.512,0.9538217863
13900,-0.405,-0.708,-0.491,0.9520346632
13930,-0.404,-0.719,-0.471,0.9497462819
13950,-0.403,-0.729,-0.451,0.9472333398
13980,-0.402,-0.735,-0.438,0.945342795
14010,-0.401,-0.744,-0.418,0.9429003129
14030,-0.401,-0.752,-0.396,0.9397451782
14060,-0.4,-0.758,-0.383,0.9387507656
14090,-0.4,-0.764,-0.361,0.9348887634
14110,-0.4,-0.771,-0.341,0.9331248577
14140,-0.4,-0.776,-0.327,0.9322580115
14160,-0.399,-0.782,-0.307,0.9300397841
14190,-0.398,-0.788,-0.287,0.9282871323
14220,-0.396,-0.793,-0.27,0.9265878264
14240,-0.394,-0.795,-0.26,0.9245869348
14270,-0.39,-0.799,-0.246,0.9225058265
14300,-0.387,-0.803,-0.23,0.9205856831
14320,-0.385,-0.806,-0.219,0.9196858159
14350,-0.382,-0.809,-0.202,0.9171744654
14370,-0.379,-0.81,-0.183,0.9128143294
14400,-0.377,-0.809,-0.169,0.9083892338
14430,-0.374,-0.808,-0.143,0.9017699263
14460,-0.373,-0.808,-0.106,0.8962304391
14480,-0.371,-0.81,-0.07,0.893667164
14510,-0.37,-0.812,-0.047,0.8935619732
14530,-0.369,-0.817,-0.014,0.8965745925
14560,-0.369,-0.823,0.018,0.9021164005
14590,-0.367,-0.825,0.036,0.9036647608
14610,-0.365,-0.825,0.062,0.9042643419
14640,-0.362,-0.823,0.086,0.9031993136
14660,-0.359,-0.819,0.109,0.9008457138
14690,-0.357,-0.813,0.125,0.8966844484
14720,-0.354,-0.804,0.149,0.8910291802
14740,-0.354,-0.797,0.174,0.8892699253
14770,-0.353,-0.792,0.19,0.8876784328
14800,-0.353,-0.786,0.214,0.8878068484
14820,-0.353,-0.78,0.237,0.8883569103
14850,-0.353,-0.774,0.252,0.8872367215
14870,-0.352,-0.766,0.274,0.8864175089
14900,-0.352,-0.758,0.294,0.8859480797
14930,-0.352,-0.749,0.313,0.8848016727
14950,-0.352,-0.743,0.323,0.8833357233
14980,-0.353,-0.734,0.339,0.8822051916
15010,-0.353,-0.724,0.353,0.8794282233
15030,-0.353,-0.718,0.362,0.8781668406
15060,-0.351,-0.705,0.377,0.8731294291
15080,-0.35,-0.692,0.392,0.8689234719
15110,-0.35,-0.683,0.402,0.8663677048
15140,-0.349,-0.669,0.417,0.8621200612
15160,-0.349,-0.656,0.433,0.8600151161
15190,-0.348,-0.648,0.444,0.8591530713
15220,-0.346,-0.634,0.462,0.8573890599
15240,-0.344,-0.62,0.483,0.8579189938
15270,-0.341,-0.604,0.504,0.8573873104
15290,-0.338,-0.591,0.517,0.8548765993
15320,-0.331,-0.569,0.532,0.8463722585
15350,-0.325,-0.551,0.547,0.8416858084
15380,-0.321,-0.539,0.556,0.8382708393
15400,-0.317,-0.523,0.571,0.836695285
15430,-0.314,-0.506,0.585,0.8347796116
15450,-0.312,-0.495,0.599,0.8373589433
15480,-0.307,-0.479,0.619,0.8407443131
15510,-0.302,-0.466,0.64,0.8473252032
15530,-0.297,-0.454,0.661,0.85512923
15560,-0.291,-0.446,0.671,0.8566434498
15580,-0.282,-0.435,0.686,0.8598517314
15610,-0.271,-0.421,0.696,0.8573785628
15640,-0.265,-0.412,0.702,0.8560216119
15660,-0.254,-0.399,0.712,0.854787108
15690,-0.243,-0.386,0.721,0.8531623527
15720,-0.233,-0.38,0.73,0.855329761
15740,-0.219,-0.37,0.744,0.8593002968
15770,-0.204,-0.359,0.761,0.8658048279
15790,-0.191,-0.349,0.776,0.8720424302
15820,-0.182,-0.343,0.784,0.8748879928
15850,-0.169,-0.334,0.793,0.8769070646
15870,-0.153,-0.334,0.798,0.8785038418
15900,-0.143,-0.334,0.802,0.8804595391
15930,-0.135,-0.323,0.797,0.8704958357
15950,-0.126,-0.314,0.794,0.8630805293
15980,-0.122,-0.311,0.793,0.8604963684
16000,-0.115,-0.306,0.793,0.8577353904
16030,-0.108,-0.302,0.795,0.857259004
16060,-0.099,-0.299,0.801,0.8606991344
16080,-0.092,-0.298,0.807,0.8651687697
16110,-0.081,-0.295,0.814,0.8695872584
16140,-0.071,-0.292,0.821,0.8742688374
16160,-0.063,-0.289,0.826,0.8773630947
16190,-0.05,-0.284,0.834,0.882446599
16210,-0.035,-0.28,0.842,0.8880253375
16240,-0.019,-0.277,0.849,0.8932474461
16270,-0.008,-0.274,0.852,0.8950106145
16300,0.007,-0.269,0.856,0.8972992812
16320,0.022,-0.263,0.859,0.8986289557
16350,0.032,-0.259,0.861,0.8996810546
16370,0.046,-0.252,0.863,0.9002160852
16400,0.059,-0.245,0.864,0.9000011111
16430,0.068,-0.24,0.863,0.8983278911
16450,0.081,-0.232,0.862,0.8963420106
16480,0.096,-0.224,0.863,0.8967502439
16500,0.11,-0.216,0.863,0.89639556
16530,0.12,-0.209,0.865,0.8979454326
16560,0.135,-0.2,0.866,0.8989888765
16580,0.152,-0.191,0.868,0.9016701171
16610,0.162,-0.185,0.87,0.9040846199
16640,0.178,-0.175,0.868,0.9031793842
16660,0.193,-0.166,0.865,0.901681762
16690,0.209,-0.158,0.86,0.8990244713
16710,0.219,-0.154,0.857,0.8978451982
16740,0.233,-0.147,0.849,0.8925799684
16770,0.247,-0.14,0.842,0.888579203
16790,0.256,-0.135,0.839,0.8875145069
16820,0.27,-0.128,0.836,0.8877950214
16850,0.285,-0.121,0.837,0.8924320702
16870,0.295,-0.116,0.837,0.8950139664
16900,0.31,-0.109,0.837,0.8991940836
16920,0.325,-0.104,0.835,0.9020343674
16950,0.339,-0.102,0.828,0.9005048584
16980,0.348,-0.1,0.822,0.898213783
17000,0.359,-0.097,0.813,0.8940128634
17030,0.369,-0.094,0.805,0.8905178269
17060,0.375,-0.092,0.801,0.8892075123
17080,0.385,-0.088,0.797,0.8894818717
17110,0.396,-0.083,0.796,0.8929283286
17130,0.403,-0.079,0.797,0.8965818423
17160,0.417,-0.073,0.799,0.9042228708
17190,0.43,-0.068,0.799,0.9099038411
17220,0.443,-0.063,0.799,0.9157614318
17240,0.451,-0.062,0.794,0.9152491464
17270,0.464,-0.06,0.787,0.9155681296
17290,0.477,-0.059,0.777,0.9136405201
17320,0.485,-0.058,0.77,0.9118601867
17350,0.496,-0.057,0.76,0.9093211754
17370,0.507,-0.056,0.751,0.9078469034
17400,0.512,-0.058,0.747,0.9074783744
17420,0.521,-0.061,0.741,0.9078782958
17450,0.534,-0.061,0.728,0.9049093877
17480,0.547,-0.061,0.717,0.9038910333
17500,0.557,-0.06,0.712,0.905976269
17530,0.572,-0.058,0.704,0.9089356413
17560,0.585,-0.057,0.696,0.9109829856
17630,0.61,-0.058,0.67,0.9079449323
17660,0.618,-0.059,0.659,0.9053651197
17690,0.625,-0.059,0.65,0.9036625476
17710,0.631,-0.058,0.646,0.9048983368
17740,0.64,-0.058,0.64,0.906953141
17770,0.649,-0.057,0.633,0.90837162
17790,0.656,-0.057,0.628,0.9099280191
17820,0.668,-0.056,0.621,0.9137838913
17840,0.678,-0.055,0.612,0.9150153004
17870,0.685,-0.055,0.606,0.9162346861
17900,0.695,-0.054,0.597,0.9177962737
17920,0.704,-0.053,0.588,0.9187866999
17950,0.713,-0.052,0.58,0.9205829675
17980,0.719,-0.051,0.575,0.9220558551
18000,0.728,-0.05,0.567,0.9241065956
18030,0.737,-0.05,0.56,0.926967637
18050,0.742,-0.049,0.555,0.9278954683
18080,0.75,-0.049,0.548,0.930163964
18110,0.757,-0.048,0.54,0.9311031092
18140,0.763,-0.048,0.532,0.93139519
18160,0.766,-0.048,0.525,0.9298844014
18190,0.771,-0.048,0.516,0.9289784712
18210,0.777,-0.048,0.507,0.9290220665
18240,0.78,-0.048,0.501,0.9282806688
18270,0.788,-0.048,0.492,0.930221479
18290,0.796,-0.048,0.483,0.9323137884
18320,0.801,-0.047,0.477,0.9334554087
18340,0.808,-0.047,0.469,0.9354325203
18370,0.814,-0.047,0.46,0.9361650496
18400,0.82,-0.048,0.452,0.9375542651
18420,0.823,-0.048,0.447,0.9377856898
18450,0.828,-0.049,0.439,0.9384593758
18480,0.832,-0.05,0.431,0.9383416222
18500,0.834,-0.05,0.426,0.937833674
18530,0.84,-0.051,0.418,0.9396408889
18550,0.845,-0.051,0.41,0.9405987455
18580,0.848,-0.051,0.405,0.9411322968
18610,0.853,-0.051,0.398,0.9426632485
18630,0.857,-0.051,0.392,0.9437764566
18660,0.862,-0.051,0.385,0.9454469842
18690,0.865,-0.051,0.379,0.9457626552
18710,0.87,-0.051,0.372,0.9475679395
18740,0.874,-0.051,0.365,0.9485262253
18760,0.877,-0.051,0.359,0.9490052687
18790,0.881,-0.053,0.35,0.94945774
18820,0.885,-0.055,0.341,0.9500163156
18840,0.887,-0.057,0.335,0.9498647272
18870,0.891,-0.059,0.327,0.9509421644
18900,0.896,-0.061,0.318,0.9527124435
18920,0.9,-0.061,0.31,0.9538453753
18950,0.904,-0.061,0.305,0.9560135982
18970,0.908,-0.061,0.297,0.9572847016
19000,0.913,-0.061,0.289,0.9595889745
19030,0.916,-0.061,0.282,0.9603650348
19060,0.92,-0.06,0.274,0.9618087128
19080,0.923,-0.06,0.265,0.9621611092
19110,0.925,-0.06,0.259,0.9624479207
19130,0.927,-0.06,0.25,0.9619922037
19160,0.929,-0.06,0.242,0.9618757716
19190,0.93,-0.059,0.233,0.96055713
19210,0.931,-0.059,0.228,0.9603259863
19240,0.932,-0.059,0.218,0.958972888
19260,0.933,-0.058,0.209,0.9578799507
19290,0.933,-0.058,0.204,0.9568014423
19320,0.933,-0.058,0.195,0.9549230335
19340,0.935,-0.06,0.186,0.9552073073
19370,0.937,-0.061,0.178,0.9557060217
19400,0.939,-0.062,0.173,0.9568145066
19420,0.942,-0.063,0.165,0.9584143154
19450,0.944,-0.064,0.158,0.9592684713
19470,0.946,-0.065,0.154,0.9606544644
19500,0.948,-0.065,0.148,0.96168238
19530,0.95,-0.066,0.142,0.9628187784
19550,0.951,-0.066,0.138,0.9632242729
19580,0.952,-0.066,0.132,0.9633711642
19610,0.952,-0.065,0.125,0.9623689521
19630,0.953,-0.063,0.111,0.9615087103
19660,0.954,-0.061,0.099,0.9610608722
19680,0.949,-0.06,0.09,0.9551444917
19710,0.941,-0.062,0.084,0.9467739963
19740,0.938,-0.062,0.072,0.9428000849
19760,0.937,-0.061,0.055,0.9405928981
19790,0.936,-0.06,0.042,0.9388610121
19820,0.936,-0.06,0.035,0.9385739182
19840,0.937,-0.06,0.028,0.9393364679
19870,0.939,-0.06,0.021,0.9411492974
19890,0.941,-0.059,0.017,0.9430010604
19920,0.943,-0.059,0.014,0.9449476176
19950,0.946,-0.059,0.011,0.9479018937
19980,0.948,-0.059,0.009,0.9498768341
20000,0.951,-0.06,0.006,0.9529097544
20030,0.956,-0.061,0.001,0.9579446748
20050,0.962,-0.062,-0.003,0.9640005187
20080,0.965,-0.063,-0.007,0.9670796244
20110,0.97,-0.063,-0.01,0.97209516
20130,0.974,-0.063,-0.014,0.9761357488
20160,0.978,-0.066,-0.018,0.9803897184
20180,0.981,-0.067,-0.021,0.9835095322
20210,0.983,-0.068,-0.026,0.9856921426
20240,0.984,-0.07,-0.03,0.9869427542
20260,0.985,-0.071,-0.033,0.9881067756
20290,0.987,-0.074,-0.037,0.9904615086
20320,0.987,-0.077,-0.041,0.9908476169
20340,0.988,-0.079,-0.044,0.9921295278
20370,0.986,-0.083,-0.048,0.9906507962
20390,0.982,-0.085,-0.052,0.9870425523
20420,0.976,-0.086,-0.056,0.9813806601
20450,0.972,-0.088,-0.059,0.9777571273
20470,0.967,-0.09,-0.064,0.9732856723
20500,0.962,-0.093,-0.069,0.9689447869
20530,0.96,-0.096,-0.072,0.9674709298
20550,0.959,-0.1,-0.076,0.9671902605
20580,0.958,-0.104,-0.08,0.9669436385
20600,0.959,-0.108,-0.083,0.9686247984
20630,0.96,-0.114,-0.088,0.9707419843
20660,0.962,-0.119,-0.094,0.973879356
20680,0.964,-0.124,-0.1,0.9770731805
20710,0.964,-0.125,-0.105,0.9777249102
20740,0.965,-0.128,-0.114,0.9801045863
20760,0.965,-0.13,-0.123,0.9814550423
20790,0.965,-0.132,-0.129,0.9824917302
20810,0.964,-0.134,-0.136,0.9827247834
20840,0.962,-0.137,-0.142,0.9820269854
20870,0.959,-0.14,-0.148,0.9804004284
20900,0.958,-0.142,-0.152,0.9803223959
20920,0.955,-0.144,-0.159,0.9787961994
20950,0.951,-0.146,-0.167,0.9765275214
20970,0.949,-0.147,-0.172,0.975599303
21000,0.946,-0.149,-0.18,0.9744316292
21030,0.946,-0.151,-0.188,0.9762484315
21050,0.946,-0.153,-0.193,0.9775346541
21080,0.948,-0.156,-0.199,0.9811427011
21100,0.95,-0.159,-0.204,0.9845796057
21130,0.951,-0.16,-0.208,0.9865419403
21160,0.948,-0.161,-0.212,0.9846669488
21180,0.942,-0.16,-0.217,0.9798229432
21210,0.935,-0.159,-0.224,0.9745162903
21240,0.93,-0.157,-0.228,0.9703262338
21260,0.924,-0.156,-0.234,0.9658509202
21290,0.92,-0.154,-0.24,0.9631801493
21310,0.918,-0.154,-0.245,0.962530519
21340,0.917,-0.153,-0.253,0.9634868966
21370,0.917,-0.153,-0.262,0.9658892276
21390,0.917,-0.152,-0.271,0.9682117537
21420,0.918,-0.15,-0.275,0.969973711
21450,0.918,-0.147,-0.281,0.9712332367
21470,0.916,-0.143,-0.286,0.970206679
21500,0.913,-0.14,-0.29,0.9681265413
21520,0.906,-0.135,-0.295,0.962333622
21550,0.899,-0.129,-0.3,0.956473732
21580,0.898,-0.127,-0.304,0.956529665
21600,0.896,-0.125,-0.309,0.9559926778
21630,0.895,-0.123,-0.317,0.9574147482
21660,0.894,-0.121,-0.327,0.9595863692
21680,0.893,-0.118,-0.336,0.9613890992
21710,0.89,-0.114,-0.349,0.9627549013
21730,0.887,-0.109,-0.363,0.964582293
21760,0.884,-0.106,-0.371,0.9645377131
21790,0.881,-0.101,-0.382,0.9655495844
21820,0.878,-0.096,-0.393,0.9667207456
21840,0.875,-0.093,-0.4,0.9665785017
21870,0.87,-0.089,-0.412,0.966729021
21890,0.867,-0.084,-0.42,0.9670289551
21920,0.864,-0.079,-0.429,0.9678729255
21950,0.862,-0.076,-0.435,0.9685272325
21970,0.858,-0.073,-0.443,0.9683707968
22000,0.854,-0.068,-0.452,0.9686299603
22020,0.852,-0.066,-0.457,0.9690763644
22050,0.846,-0.062,-0.463,0.9664000207
22080,0.84,-0.059,-0.469,0.9638682483
22100,0.836,-0.057,-0.473,0.9622234668
22130,0.831,-0.053,-0.478,0.9601322826
22160,0.825,-0.05,-0.484,0.9578000835
22180,0.821,-0.047,-0.493,0.9588008135
22210,0.818,-0.043,-0.499,0.9591527511
22230,0.815,-0.037,-0.509,0.9616002288
22260,0.813,-0.03,-0.519,0.9650025907
22290,0.812,-0.026,-0.526,0.9678305637
22310,0.811,-0.021,-0.536,0.972346646
22340,0.808,-0.017,-0.543,0.9736539426
22370,0.806,-0.014,-0.547,0.9741873536
22390,0.802,-0.012,-0.551,0.9731130458
22420,0.797,-0.01,-0.555,0.9712538288
22440,0.792,-0.007,-0.558,0.9688534461
22470,0.789,-0.005,-0.56,0.9675463813
22500,0.785,-0.002,-0.564,0.9666048831
22520,0.783,0.001,-0.569,0.9679106364
22550,0.782,0.004,-0.573,0.969468411
22580,0.78,0.008,-0.58,0.9720411514
22600,0.778,0.012,-0.587,0.9746778955
22630,0.777,0.015,-0.592,0.9769431918
22650,0.774,0.019,-0.598,0.9782847234
22680,0.772,0.023,-0.604,0.980473865
22710,0.769,0.027,-0.611,0.9825533064
22740,0.767,0.03,-0.615,0.9835720614
22760,0.764,0.033,-0.622,0.9857327224
22790,0.761,0.037,-0.63,0.9886303657
22810,0.759,0.039,-0.636,0.9910085772
22840,0.756,0.043,-0.645,0.9946909068
22870,0.752,0.046,-0.654,0.9976652745
22890,0.748,0.049,-0.663,1.000736729
22920,0.745,0.051,-0.667,1.00125671
22940,0.741,0.053,-0.673,1.002406604
22970,0.736,0.054,-0.677,1.00146942
23000,0.731,0.055,-0.68,0.9998929943
23020,0.724,0.055,-0.685,0.9982114005
23050,0.716,0.054,-0.693,0.9979083124
23080,0.71,0.054,-0.699,0.9978060934
23100,0.701,0.053,-0.71,0.9991546427
23130,0.691,0.052,-0.721,1.000013
23150,0.686,0.052,-0.731,1.003823192
23180,0.683,0.053,-0.736,1.005481974
23210,0.678,0.054,-0.748,1.010991592
23230,0.674,0.055,-0.76,1.01730084
23260,0.669,0.056,-0.767,1.019306627
23290,0.66,0.055,-0.776,1.02019655
23310,0.651,0.054,-0.785,1.021245318
23340,0.644,0.052,-0.791,1.021332953
23360,0.633,0.05,-0.797,1.019018155
23390,0.622,0.048,-0.803,1.01685643
23420,0.612,0.046,-0.811,1.01704523
23440,0.606,0.045,-0.816,1.017406998
23470,0.597,0.044,-0.824,1.018489568
23500,0.59,0.045,-0.832,1.020954945
23520,0.583,0.044,-0.837,1.020976983
23550,0.574,0.044,-0.844,1.021639858
23570,0.562,0.042,-0.85,1.019856853
23600,0.555,0.041,-0.853,1.018486622
23630,0.542,0.039,-0.858,1.015602777
23660,0.529,0.038,-0.863,1.012943236
23680,0.517,0.037,-0.868,1.010980712
23710,0.509,0.036,-0.872,1.010327175
23730,0.497,0.035,-0.877,1.008644139
23760,0.485,0.034,-0.883,1.008002976
23790,0.477,0.033,-0.886,1.006783989
23810,0.464,0.031,-0.892,1.005942841
23840,0.448,0.029,-0.899,1.004861184
23860,0.438,0.027,-0.902,1.003083745
23890,0.424,0.025,-0.907,1.001523839
23920,0.41,0.024,-0.912,1.000209978
23940,0.398,0.023,-0.918,1.000828157
23970,0.389,0.023,-0.921,1.000045499
24000,0.378,0.023,-0.926,1.000444401
24020,0.366,0.023,-0.93,0.9996924527
24050,0.358,0.024,-0.934,1.00054785
24070,0.346,0.025,-0.937,0.9991546427
24100,0.334,0.025,-0.939,0.9969463376
24130,0.327,0.025,-0.941,0.9965114149
24150,0.315,0.025,-0.944,0.9954827974
24180,0.302,0.025,-0.948,0.9952552436
24210,0.29,0.024,-0.953,0.9964361495
24230,0.281,0.024,-0.957,0.9976903327
24260,0.269,0.024,-0.962,0.9991901721
24280,0.258,0.024,-0.967,1.00111388
24310,0.25,0.023,-0.971,1.002930705
24340,0.238,0.024,-0.987,1.015573237
24360,0.224,0.024,-1.002,1.027013145
24390,0.215,0.024,-1.007,1.029975728
24420,0.203,0.024,-1.014,1.034398859
24440,0.19,0.023,-1.021,1.038782942
24470,0.178,0.023,-1.028,1.04355019
24490,0.17,0.023,-1.032,1.046161077
24520,0.158,0.023,-1.036,1.048231368
24550,0.146,0.021,-1.038,1.048427871
24580,0.138,0.02,-1.039,1.048315315
24600,0.126,0.018,-1.04,1.047759514
24630,0.114,0.016,-1.04,1.046351757
24650,0.106,0.014,-1.041,1.046476469
24680,0.094,0.012,-1.042,1.046300148
24710,0.081,0.01,-1.043,1.04618832
24730,0.069,0.009,-1.045,1.047314184
24760,0.061,0.009,-1.047,1.048814092
24780,0.049,0.007,-1.048,1.049168242
24810,0.037,0.006,-1.047,1.04767075
24840,0.029,0.005,-1.047,1.047413481
24860,0.017,0.003,-1.046,1.046142438
24890,0.005,0.002,-1.046,1.046013862
24910,-0.008,0,-1.046,1.046030592
24940,-0.016,-0.001,-1.046,1.046122842
24970,-0.03,-0.003,-1.046,1.046434422
24990,-0.044,-0.006,-1.045,1.045943115
25020,-0.054,-0.008,-1.044,1.045426229
25050,-0.068,-0.01,-1.042,1.044264334
25070,-0.081,-0.012,-1.039,1.042221665
25100,-0.091,-0.014,-1.038,1.042075333
25130,-0.104,-0.017,-1.036,1.041345764
25150,-0.12,-0.02,-1.038,1.045104779
25180,-0.135,-0.022,-1.039,1.047964694
25200,-0.145,-0.023,-1.037,1.047340919
25230,-0.16,-0.026,-1.033,1.045640952
25260,-0.175,-0.029,-1.029,1.044177667
25280,-0.185,-0.03,-1.026,1.042976989
25310,-0.197,-0.025,-1.028,1.047004298
25340,-0.209,-0.02,-1.029,1.050200933
25360,-0.218,-0.019,-1.027,1.050054284
25390,-0.23,-0.017,-1.025,1.050625528
25410,-0.243,-0.016,-1.021,1.049640891
25440,-0.254,-0.016,-1.017,1.048361102
25470,-0.26,-0.015,-1.012,1.044973205
25500,-0.271,-0.014,-1.007,1.042921857
25520,-0.284,-0.014,-1.003,1.042526259
25550,-0.293,-0.014,-1,1.042134828
25570,-0.307,-0.015,-0.993,1.039482083
25600,-0.321,-0.016,-0.987,1.038010597
25630,-0.33,-0.017,-0.982,1.036104724
25650,-0.344,-0.019,-0.975,1.034080268
25680,-0.359,-0.021,-0.965,1.029828627
25700,-0.374,-0.024,-0.955,1.025903017
25730,-0.383,-0.025,-0.949,1.023677195
25760,-0.398,-0.028,-0.936,1.017489066
25780,-0.413,-0.031,-0.922,1.010749227
25810,-0.423,-0.033,-0.913,1.00677058
25840,-0.438,-0.037,-0.901,1.002503865
25860,-0.451,-0.04,-0.889,0.9976582581
25890,-0.46,-0.042,-0.881,0.994748712
25910,-0.473,-0.044,-0.871,0.9921219683
25940,-0.486,-0.045,-0.862,0.9905882091
25970,-0.5,-0.046,-0.854,0.9906724989
25990,-0.509,-0.047,-0.849,0.9910050454
26020,-0.523,-0.048,-0.842,0.9923693869
26050,-0.536,-0.049,-0.835,0.9934394798
26070,-0.544,-0.049,-0.83,0.9935980072
26100,-0.557,-0.051,-0.822,0.9942504715
26120,-0.57,-0.053,-0.812,0.9935054102
26150,-0.578,-0.054,-0.805,0.9924842568
26180,-0.593,-0.057,-0.793,0.9918402089
26200,-0.606,-0.059,-0.782,0.9910807233
26230,-0.618,-0.062,-0.768,0.9877206083
26260,-0.626,-0.063,-0.759,0.9858630737
26280,-0.639,-0.064,-0.745,0.9835862951
26310,-0.65,-0.065,-0.732,0.9810958159
26330,-0.658,-0.065,-0.722,0.9790163431
26360,-0.668,-0.066,-0.708,0.9756249279
26390,-0.678,-0.066,-0.693,0.971745337
26420,-0.685,-0.067,-0.684,0.9703452994
26440,-0.695,-0.066,-0.671,0.968308835
26470,-0.704,-0.066,-0.659,0.9665676386
26490,-0.714,-0.065,-0.648,0.9663979512
26520,-0.721,-0.064,-0.642,0.9675231263
26550,-0.731,-0.063,-0.633,0.9690299273
26570,-0.742,-0.063,-0.624,0.9715497929
26600,-0.749,-0.062,-0.618,0.9730205548
26620,-0.759,-0.062,-0.608,0.9744685731
26650,-0.769,-0.062,-0.597,0.9755070476
26680,-0.775,-0.062,-0.589,0.9753922288
26700,-0.783,-0.062,-0.576,0.9740169403
26730,-0.792,-0.062,-0.561,0.9725374029
26760,-0.8,-0.062,-0.547,0.9711091597
26780,-0.806,-0.063,-0.537,0.9705534504
26810,-0.814,-0.063,-0.522,0.9690454066
26830,-0.821,-0.064,-0.507,0.9670501538
26860,-0.826,-0.064,-0.498,0.9666312637
26890,-0.833,-0.065,-0.484,0.965593082
26910,-0.839,-0.066,-0.47,0.963938276
26940,-0.845,-0.067,-0.456,0.962522727
26970,-0.849,-0.068,-0.447,0.9618908462
26990,-0.854,-0.068,-0.431,0.9590104275
27020,-0.86,-0.068,-0.416,0.9577473571
27040,-0.863,-0.069,-0.405,0.9558007114
27070,-0.869,-0.07,-0.39,0.9550712015
27100,-0.874,-0.071,-0.378,0.9548827153
27120,-0.877,-0.071,-0.371,0.9548879515
27150,-0.882,-0.072,-0.358,0.9546056778
27180,-0.886,-0.072,-0.345,0.9535224171
27200,-0.891,-0.073,-0.332,0.9536424907
27230,-0.894,-0.074,-0.323,0.9534364163
27250,-0.899,-0.076,-0.309,0.9536550739
27280,-0.904,-0.078,-0.296,0.9544191951
27310,-0.906,-0.08,-0.287,0.9537321427
27340,-0.91,-0.082,-0.273,0.953600021
27360,-0.915,-0.084,-0.259,0.9546528165
27390,-0.917,-0.084,-0.25,0.9541724163
27410,-0.919,-0.083,-0.238,0.9529396623
27440,-0.921,-0.083,-0.225,0.951711616
27470,-0.923,-0.082,-0.211,0.9503546706
27490,-0.924,-0.082,-0.202,0.9493703176
27520,-0.924,-0.083,-0.186,0.9461823292
27540,-0.924,-0.083,-0.17,0.9431675355
27570,-0.924,-0.083,-0.16,0.9414164859
27600,-0.924,-0.084,-0.143,0.938765679
27620,-0.925,-0.086,-0.127,0.937629991
27650,-0.925,-0.087,-0.11,0.9355714831
27680,-0.925,-0.089,-0.1,0.9346368279
27700,-0.925,-0.091,-0.084,0.933253449
27730,-0.925,-0.095,-0.068,0.9323486472
27750,-0.926,-0.098,-0.057,0.9329142512
27780,-0.926,-0.103,-0.041,0.9326124597
27810,-0.927,-0.108,-0.024,0.9335785987
27830,-0.927,-0.111,-0.014,0.9337269408
27860,-0.928,-0.116,0.002,0.9352240373
27890,-0.929,-0.121,0.017,0.9370010672
27910,-0.929,-0.124,0.029,0.9376875812
27940,-0.93,-0.125,0.036,0.9390532466
27960,-0.929,-0.128,0.049,0.9390559089
27990,-0.929,-0.13,0.061,0.9400329781
28020,-0.928,-0.132,0.07,0.9399510626
28040,-0.927,-0.135,0.083,0.9404482974
28070,-0.925,-0.138,0.095,0.9400499987
28100,-0.924,-0.139,0.103,0.9400563813
28120,-0.922,-0.142,0.119,0.9404302207
28150,-0.921,-0.146,0.135,0.9422218422
28170,-0.92,-0.15,0.152,0.9444596339
28200,-0.918,-0.152,0.163,0.9446676664
28230,-0.915,-0.156,0.178,0.9451163949
28260,-0.911,-0.159,0.192,0.9444924563
28280,-0.909,-0.162,0.201,0.9449476176
28310,-0.905,-0.165,0.215,0.9447089499
28330,-0.902,-0.167,0.228,0.9452391232
28360,-0.899,-0.169,0.237,0.9449502632
28390,-0.896,-0.17,0.248,0.945103169
28410,-0.892,-0.171,0.259,0.9444501046
28440,-0.888,-0.173,0.27,0.9441255213
28460,-0.885,-0.173,0.277,0.9433361013
28490,-0.882,-0.174,0.288,0.9440042373
28520,-0.878,-0.176,0.3,0.9443833967
28540,-0.875,-0.178,0.308,0.9445490988
28570,-0.87,-0.18,0.32,0.9442986816
28600,-0.866,-0.183,0.332,0.9453406793
28620,-0.862,-0.184,0.34,0.9447221814
28650,-0.856,-0.187,0.352,0.9442504964
28670,-0.851,-0.189,0.363,0.9442939161
28700,-0.845,-0.191,0.374,0.9436005511
28730,-0.842,-0.192,0.38,0.9435189452
28750,-0.837,-0.194,0.387,0.9423237236
28780,-0.831,-0.196,0.399,0.9424319604
28810,-0.827,-0.197,0.406,0.9421114584
28830,-0.82,-0.199,0.417,0.9412172969
28860,-0.812,-0.201,0.429,0.940098931
28880,-0.806,-0.203,0.438,0.9395153006
28910,-0.798,-0.205,0.452,0.9397515629
28940,-0.79,-0.209,0.465,0.9402159326
28960,-0.782,-0.214,0.478,0.9411716103
28990,-0.777,-0.218,0.486,0.9420451157
29020,-0.77,-0.224,0.497,0.943443162
29040,-0.763,-0.229,0.506,0.9437404304
29070,-0.76,-0.232,0.512,0.9452872579
29090,-0.754,-0.236,0.52,0.9458393098
29120,-0.748,-0.24,0.527,0.9459561301
29150,-0.745,-0.243,0.531,0.9465912529
29180,-0.739,-0.246,0.537,0.9460475675
29200,-0.734,-0.247,0.543,0.9458403671
29230,-0.729,-0.247,0.549,0.945436936
29250,-0.727,-0.247,0.553,0.9462277738
29280,-0.722,-0.247,0.56,0.9465162439
29310,-0.716,-0.247,0.567,0.9461257844
29330,-0.714,-0.244,0.568,0.9444342222
29360,-0.713,-0.236,0.569,0.942245191
29380,-0.711,-0.228,0.575,0.942406494
29410,-0.709,-0.221,0.584,0.9447634625
29440,-0.703,-0.215,0.591,0.9432470514
29460,-0.696,-0.207,0.6,0.9419474508
29490,-0.687,-0.199,0.604,0.9361549017
29520,-0.682,-0.195,0.607,0.9335941302
29540,-0.672,-0.188,0.616,0.9307975075
29570,-0.663,-0.182,0.625,0.9291490731
29590,-0.657,-0.177,0.635,0.930700274
29620,-0.647,-0.17,0.649,0.9320461362
29650,-0.64,-0.165,0.68,0.9482747492
29670,-0.632,-0.159,0.706,0.9608022689
29700,-0.626,-0.155,0.717,0.9643598913
29730,-0.617,-0.149,0.731,0.968117245
29750,-0.607,-0.143,0.742,0.9692584795
29780,-0.601,-0.138,0.749,0.9701783341
29800,-0.588,-0.132,0.756,0.9668009102
29830,-0.577,-0.125,0.761,0.9631588654
29860,-0.569,-0.121,0.763,0.9594639128
29880,-0.557,-0.115,0.767,0.9548628174
29910,-0.546,-0.107,0.773,0.9524148256
29940,-0.539,-0.102,0.777,0.9511330086
29970,-0.529,-0.092,0.783,0.9494177163
29990,-0.52,-0.083,0.789,0.948583154
30010,-0.511,-0.074,0.796,0.9487955523
30040,-0.506,-0.068,0.801,0.9498742022
30070,-0.498,-0.06,0.809,0.951884972
30100,-0.491,-0.051,0.816,0.9536970169
30120,-0.486,-0.046,0.821,0.9551717123
30150,-0.478,-0.038,0.826,0.9550937127
30170,-0.47,-0.03,0.83,0.9543060306
30200,-0.466,-0.025,0.833,0.954814118
30230,-0.46,-0.016,0.836,0.9543332751
30250,-0.455,-0.007,0.833,0.9491907079
30280,-0.451,0.003,0.826,0.9411089204
30300,-0.443,0.013,0.824,0.9356249248
30330,-0.432,0.028,0.82,0.9272583243
30360,-0.422,0.04,0.823,0.9257499662
30380,-0.416,0.047,0.824,0.9242515891
30410,-0.409,0.059,0.825,0.9227063455
30440,-0.403,0.07,0.825,0.9208333183
30460,-0.401,0.077,0.828,0.9232085355
30490,-0.397,0.086,0.833,0.9267653425
30510,-0.395,0.1,0.84,0.9336085904
30540,-0.393,0.112,0.844,0.9377254396
30570,-0.391,0.124,0.845,0.9392986745
30590,-0.387,0.142,0.844,0.9392917545
30620,-0.384,0.158,0.839,0.9361308669
30650,-0.382,0.168,0.836,0.9343682358
30670,-0.376,0.187,0.827,0.9275095687
30700,-0.371,0.204,0.821,0.9237413058
30720,-0.368,0.214,0.819,0.9230281686
30750,-0.365,0.229,0.816,0.922779497
30780,-0.362,0.239,0.815,0.9232496954
30800,-0.36,0.25,0.813,0.923617345
30830,-0.359,0.26,0.811,0.9242304907
30860,-0.358,0.273,0.806,0.9232166593
30890,-0.358,0.286,0.799,0.9210651443
30910,-0.358,0.294,0.797,0.9218508556
30930,-0.358,0.306,0.798,0.9266088711
30960,-0.354,0.322,0.795,0.9279143279
30990,-0.349,0.344,0.79,0.9296434801
31020,-0.344,0.36,0.782,0.9270706553
31040,-0.336,0.382,0.772,0.9245561097
31070,-0.327,0.404,0.762,0.9223822418
31090,-0.321,0.417,0.756,0.9211221417
31120,-0.314,0.439,0.748,0.922399588
31150,-0.308,0.46,0.741,0.9249567557
31170,-0.306,0.474,0.735,0.9265727171
31200,-0.303,0.496,0.726,0.9300005376
31220,-0.301,0.515,0.716,0.9319238166
31250,-0.299,0.533,0.707,0.9345260831
31280,-0.298,0.545,0.699,0.9351096192
31300,-0.296,0.561,0.688,0.9357782857
31330,-0.294,0.575,0.675,0.9341766428
31360,-0.292,0.584,0.667,0.9333857723
31380,-0.291,0.597,0.653,0.9313962637
31410,-0.288,0.61,0.639,0.9291743647
31430,-0.287,0.618,0.63,0.9280048491
31460,-0.286,0.63,0.616,0.9263649389
31490,-0.283,0.643,0.603,0.9258223372
31510,-0.281,0.656,0.589,0.925320485
31540,-0.28,0.665,0.579,0.9251302611
31570,-0.279,0.678,0.563,0.9243884465
31590,-0.278,0.692,0.546,0.9242640315
31620,-0.278,0.7,0.534,0.9232767732
31640,-0.274,0.713,0.515,0.9212328696
31670,-0.271,0.726,0.498,0.9211519961
31700,-0.268,0.734,0.487,0.9207328603
31720,-0.266,0.745,0.47,0.9201527047
31750,-0.266,0.755,0.45,0.9183033268
31780,-0.267,0.768,0.429,0.9193225767
31810,-0.268,0.777,0.415,0.9207486085
31830,-0.268,0.789,0.392,0.9208740413
31850,-0.267,0.801,0.368,0.92103963
31880,-0.266,0.806,0.354,0.9196238361
31910,-0.266,0.812,0.333,0.917054524
31940,-0.265,0.819,0.314,0.9162870729
31960,-0.265,0.823,0.302,0.9158373218
31990,-0.264,0.83,0.281,0.9151814028
32010,-0.263,0.836,0.259,0.9138632283
32040,-0.262,0.84,0.242,0.9125831469
32070,-0.26,0.845,0.216,0.9100994451
32090,-0.258,0.847,0.198,0.9072910228
32120,-0.255,0.85,0.172,0.9039408166
32140,-0.252,0.852,0.146,0.9004021324
32170,-0.251,0.853,0.13,0.8986156019
32200,-0.249,0.855,0.107,0.8969253035
32220,-0.248,0.858,0.086,0.8972535873
32250,-0.247,0.861,0.061,0.8978034306
32280,-0.247,0.863,0.045,0.8987786157
32300,-0.242,0.864,0.018,0.8974318916
32330,-0.239,0.864,-0.01,0.8965026492
32350,-0.236,0.863,-0.028,0.8951251309
32380,-0.232,0.861,-0.055,0.8934036042
32410,-0.228,0.859,-0.081,0.8924270278
32430,-0.225,0.857,-0.097,0.8913377587
32460,-0.221,0.851,-0.116,0.8868472247
32490,-0.216,0.846,-0.137,0.8838218146
32510,-0.211,0.841,-0.161,0.8818860471
32540,-0.208,0.837,-0.178,0.8806344304
32560,-0.202,0.83,-0.202,0.8777858509
32590,-0.196,0.823,-0.23,0.8767240159
32620,-0.191,0.819,-0.249,0.8770649919
32640,-0.184,0.813,-0.276,0.8780666262
32670,-0.177,0.809,-0.3,0.880800772
32700,-0.173,0.805,-0.316,0.8819353718
32730,-0.167,0.798,-0.342,0.8841136805
32750,-0.159,0.792,-0.368,0.8876761797
32780,-0.153,0.785,-0.395,0.8919971973
32800,-0.147,0.779,-0.413,0.8938786271
32830,-0.138,0.767,-0.44,0.8949486019
32860,-0.13,0.753,-0.466,0.8950223461
32880,-0.125,0.743,-0.482,0.894426073
32910,-0.118,0.729,-0.504,0.8940810925
32930,-0.112,0.714,-0.524,0.8927015179
32960,-0.107,0.702,-0.536,0.8896903956
32990,-0.1,0.686,-0.552,0.886171541
33010,-0.093,0.667,-0.572,0.8835847441
33040,-0.085,0.648,-0.591,0.8811413054
33060,-0.08,0.633,-0.605,0.8792690146
33090,-0.073,0.612,-0.625,0.8777801547
33120,-0.068,0.592,-0.644,0.8773961477
33140,-0.064,0.579,-0.656,0.8773100934
33170,-0.059,0.558,-0.669,0.8731586339
33200,-0.054,0.538,-0.683,0.8711193948
33220,-0.049,0.513,-0.697,0.8668212042
33250,-0.045,0.497,-0.705,0.8637470695
33270,-0.039,0.468,-0.719,0.8587816952
33300,-0.032,0.44,-0.732,0.8546625065
33330,-0.027,0.42,-0.742,0.8530492366
33350,-0.02,0.392,-0.755,0.8509341925
33380,-0.014,0.363,-0.766,0.8477741445
33410,-0.01,0.345,-0.771,0.8447283587
33430,-0.006,0.318,-0.778,0.8405022308
33460,-0.002,0.291,-0.783,0.8353286778
33480,0.003,0.261,-0.789,0.8310541499
33510,0.007,0.241,-0.792,0.8278852578
33540,0.014,0.21,-0.797,0.8243209326
33560,0.022,0.179,-0.801,0.8210517645
33590,0.028,0.158,-0.803,0.8188754484
33620,0.036,0.128,-0.805,0.8159074702
33650,0.043,0.101,-0.805,0.8124499985
33670,0.047,0.082,-0.807,0.812515846
33700,0.049,0.056,-0.811,0.8144065324
33720,0.051,0.025,-0.817,0.8189719165
33750,0.053,-0.008,-0.823,0.8247435965
33780,0.054,-0.029,-0.823,0.8252793466
33800,0.057,-0.061,-0.823,0.8272236699
33830,0.06,-0.095,-0.816,0.8236995812
33850,0.062,-0.117,-0.811,0.8217384012
33880,0.067,-0.148,-0.799,0.815349005
33910,0.073,-0.178,-0.783,0.8062890301
33930,0.076,-0.196,-0.774,0.8020398993
33960,0.081,-0.22,-0.761,0.7962926598
33980,0.087,-0.248,-0.752,0.7966034145
34010,0.093,-0.274,-0.741,0.7954910433
34040,0.098,-0.292,-0.732,0.7941611927
34060,0.105,-0.318,-0.72,0.7940711555
34090,0.115,-0.344,-0.704,0.7919450739
34120,0.121,-0.362,-0.695,0.7929123533
34140,0.129,-0.385,-0.678,0.7902847588
34170,0.135,-0.408,-0.662,0.7892610468
34190,0.139,-0.422,-0.651,0.7881662261
34220,0.144,-0.443,-0.634,0.7867280343
34250,0.147,-0.464,-0.617,0.7858714908
34270,0.152,-0.485,-0.601,0.7871022805
34300,0.155,-0.499,-0.59,0.7881154738
34330,0.161,-0.519,-0.574,0.790416346
34350,0.168,-0.538,-0.557,0.7924121402
34380,0.172,-0.551,-0.546,0.7945445236
34400,0.178,-0.569,-0.53,0.7977123542
34430,0.185,-0.587,-0.516,0.8031500482
34460,0.191,-0.604,-0.504,0.8095140518
34480,0.195,-0.616,-0.496,0.8145532518
34510,0.2,-0.632,-0.486,0.8219610696
34540,0.204,-0.648,-0.474,0.8283694828
34570,0.208,-0.657,-0.466,0.8319068457
34590,0.214,-0.67,-0.452,0.8360621986
34620,0.221,-0.682,-0.437,0.8396034778
34640,0.228,-0.687,-0.425,0.8393914462
34670,0.24,-0.687,-0.407,0.8337973375
34700,0.25,-0.69,-0.389,0.8306148325
34720,0.258,-0.693,-0.371,0.8273173514
34750,0.263,-0.698,-0.358,0.8273675121
34770,0.27,-0.704,-0.34,0.8271130515
34800,0.277,-0.712,-0.321,0.8286820862
34830,0.281,-0.717,-0.309,0.8297776811
34850,0.288,-0.726,-0.292,0.8338369145
34880,0.295,-0.735,-0.275,0.8383764071
34900,0.296,-0.741,-0.264,0.8404718913
34930,0.297,-0.751,-0.247,0.8445229423
34960,0.293,-0.755,-0.231,0.842160911
34980,0.289,-0.758,-0.215,0.8392317916
35010,0.286,-0.759,-0.204,0.8363569812
35040,0.283,-0.76,-0.188,0.8324860359
35060,0.284,-0.762,-0.169,0.8305787139
35090,0.284,-0.763,-0.156,0.8289517477
35110,0.288,-0.769,-0.134,0.8320222353
35140,0.292,-0.776,-0.112,0.8366504647
35170,0.295,-0.782,-0.094,0.8410618289
35190,0.297,-0.788,-0.068,0.8448532417
35220,0.296,-0.79,-0.043,0.8447277668
35250,0.294,-0.791,-0.028,0.8443346493
35270,0.288,-0.78,-0.006,0.8314926338
35300,0.281,-0.768,0.015,0.8179303149
35320,0.273,-0.752,0.038,0.800922593
35350,0.269,-0.744,0.056,0.7931160066
35380,0.267,-0.734,0.089,0.7861081351
35400,0.271,-0.73,0.118,0.7875690446
35430,0.276,-0.729,0.135,0.7911017634
35460,0.284,-0.727,0.16,0.7967339581
35490,0.292,-0.725,0.183,0.8027315865
35510,0.297,-0.722,0.199,0.8056637016
35540,0.303,-0.718,0.222,0.810319073
35560,0.309,-0.713,0.245,0.8147852478
35590,0.314,-0.707,0.269,0.8190274721
35620,0.316,-0.701,0.283,0.819357065
35640,0.32,-0.691,0.304,0.8199371927
35670,0.321,-0.678,0.323,0.8167337387
35690,0.322,-0.67,0.335,0.8153582035
35720,0.323,-0.657,0.354,0.8131998524
35750,0.322,-0.644,0.373,0.8108939511
35770,0.321,-0.629,0.394,0.8086519647
35800,0.32,-0.62,0.407,0.8077431522
35820,0.32,-0.606,0.426,0.8069151133
35850,0.321,-0.592,0.444,0.8066232082
35880,0.322,-0.584,0.457,0.8084485141
35900,0.324,-0.573,0.476,0.8123305977
35930,0.325,-0.56,0.494,0.8144083742
35960,0.325,-0.552,0.506,0.8163118277
35980,0.323,-0.54,0.523,0.818204131
36010,0.321,-0.527,0.539,0.8193235014
36030,0.319,-0.511,0.555,0.8190891282
36060,0.317,-0.501,0.565,0.8189719165
36090,0.314,-0.487,0.58,0.8198566948
36110,0.312,-0.474,0.6,0.8258450218
36140,0.311,-0.465,0.614,0.8306274737
36170,0.31,-0.453,0.635,0.8393652364
36190,0.31,-0.442,0.656,0.8495881355
36220,0.31,-0.434,0.668,0.8547982218
36240,0.31,-0.421,0.685,0.8617226932
36270,0.309,-0.406,0.7,0.8662084045
36300,0.307,-0.392,0.715,0.8712852575
36320,0.305,-0.382,0.723,0.8727416571
36350,0.3,-0.369,0.735,0.8754347491
36380,0.295,-0.353,0.745,0.8755906578
36410,0.291,-0.343,0.751,0.8754033356
36430,0.285,-0.327,0.76,0.8750737112
36460,0.28,-0.311,0.768,0.8746113423
36480,0.278,-0.301,0.772,0.8739959954
36510,0.275,-0.286,0.779,0.8742207959
36540,0.269,-0.272,0.787,0.8750508557
36560,0.264,-0.258,0.794,0.8756117861
36590,0.258,-0.249,0.801,0.8775910209
36610,0.25,-0.235,0.81,0.8796732348
36640,0.241,-0.223,0.818,0.8814385968
36670,0.236,-0.215,0.824,0.883683767
36690,0.23,-0.204,0.832,0.8869836526
36720,0.226,-0.194,0.841,0.892184398
36740,0.224,-0.187,0.848,0.8967993087
36770,0.221,-0.177,0.858,0.9035120364
36800,0.216,-0.167,0.869,0.9108819902
36820,0.21,-0.156,0.879,0.9171025024
36850,0.205,-0.149,0.883,0.9186484638
36880,0.199,-0.136,0.888,0.9201309689
36900,0.194,-0.123,0.891,0.9201336859
36930,0.189,-0.114,0.892,0.9189020622
36950,0.184,-0.104,0.893,0.9176715099
36980,0.178,-0.094,0.894,0.9163820164
37010,0.174,-0.087,0.893,0.9139441996
37030,0.167,-0.076,0.894,0.9126340997
37060,0.159,-0.064,0.896,0.9122461291
37090,0.151,-0.052,0.898,0.912090456
37110,0.146,-0.045,0.901,0.9138610398
37140,0.144,-0.03,0.927,0.9385973578
37160,0.144,-0.008,0.964,0.9747286802
37190,0.143,0.009,0.985,0.9953667666
37220,0.141,0.038,1.015,1.02545112
37240,0.14,0.059,1.032,1.043122716
37270,0.138,0.071,1.04,1.051515573
37300,0.135,0.083,1.046,1.057936671